-- phpMyAdmin SQL Dump
-- version 5.1.1
-- https://www.phpmyadmin.net/
--
-- Host: 127.0.0.1:3306
-- Generation Time: Dec 04, 2022 at 05:22 AM
-- Server version: 5.7.36
-- PHP Version: 7.4.26

SET SQL_MODE = "NO_AUTO_VALUE_ON_ZERO";
START TRANSACTION;
SET time_zone = "+00:00";


/*!40101 SET @OLD_CHARACTER_SET_CLIENT=@@CHARACTER_SET_CLIENT */;
/*!40101 SET @OLD_CHARACTER_SET_RESULTS=@@CHARACTER_SET_RESULTS */;
/*!40101 SET @OLD_COLLATION_CONNECTION=@@COLLATION_CONNECTION */;
/*!40101 SET NAMES utf8mb4 */;

--
-- Database: `project`
--

-- --------------------------------------------------------

--
-- Table structure for table `athlete`
--

DROP TABLE IF EXISTS `athlete`;
CREATE TABLE IF NOT EXISTS `athlete` (
  `athlete_ID` varchar(25) NOT NULL,
  `first_NM` varchar(25) NOT NULL,
  `last_NM` varchar(25) NOT NULL,
  `team_ID` varchar(25) NOT NULL,
  PRIMARY KEY (`athlete_ID`)
) ENGINE=InnoDB DEFAULT CHARSET=utf8;

--
-- Dumping data for table `athlete`
--

INSERT INTO `athlete` (`athlete_ID`, `first_NM`, `last_NM`, `team_ID`) VALUES
('1432', 'Lynn', 'Brown', '308'),
('1507', 'Carol', 'Whittingham', '562'),
('2087', 'Mary', 'Martinez', '569'),
('2175', 'Joe', 'Thomas', '271'),
('2316', 'Matt', 'Williams', '937'),
('2322', 'David', 'Rodriguez', '308'),
('2363', 'Xavier', 'Thomas', '271'),
('3074', 'Devin', 'Moore', '828'),
('3563', 'Darryl', 'Hernandez', '146'),
('3676', 'Ray', 'Johnson', '455'),
('5237', 'Steve', 'Johnson', '828'),
('5429', 'Mia', 'Anderson', '350'),
('5451', 'Alyssa', 'Brown', '827'),
('5541', 'Mark', 'Garcia', '787'),
('5847', 'Trey', 'Taylor', '487'),
('5868', 'Jenny', 'Davis', '455'),
('6030', 'Carrie', 'Miller', '347'),
('6336', 'Marcus', 'Taylor', '487'),
('6515', 'Mike', 'Whittingham', '158'),
('6621', 'Phillis', 'Anderson', '350'),
('6638', 'Louis', 'Williams', '787'),
('7328', 'Michael', 'Thompson', '158'),
('7335', 'Bobby', 'Wilson', '562'),
('7913', 'Neal', 'Smith', '347'),
('8364', 'Jon', 'Smith', '146'),
('8664', 'Cory', 'Martin', '937'),
('9386', 'Austin', 'Jackson', '827'),
('9970', 'Erica', 'Miller', '569');

-- --------------------------------------------------------

--
-- Table structure for table `employee`
--

DROP TABLE IF EXISTS `employee`;
CREATE TABLE IF NOT EXISTS `employee` (
  `employee_ID` varchar(25) NOT NULL,
  `team_ID` varchar(25) NOT NULL,
  `Last_NM` varchar(25) NOT NULL,
  `First_NM` varchar(25) NOT NULL,
  `Title` varchar(25) NOT NULL,
  `Salary_AMT` int(15) NOT NULL,
  `Calendar_YR` varchar(4) NOT NULL,
  PRIMARY KEY (`employee_ID`)
) ENGINE=InnoDB DEFAULT CHARSET=utf8;

--
-- Dumping data for table `employee`
--

INSERT INTO `employee` (`employee_ID`, `team_ID`, `Last_NM`, `First_NM`, `Title`, `Salary_AMT`, `Calendar_YR`) VALUES
('116880', '562', 'Wilson', 'Angelique', 'Coach', 208365, '2020'),
('123318', '146', 'Smith', 'Liam', 'Coach', 387696, '2020'),
('141789', '455', 'Lopez', 'Jackson', 'Trainer', 34225, '2020'),
('194504', '347', 'Miller', 'William', 'Coach', 69012, '2020'),
('242636', '828', 'Moore', 'Henry', 'Trainer', 28535, '2020'),
('299096', '937', 'Martin', 'Theodore', 'Trainer', 40874, '2020'),
('307155', '487', 'Taylor', 'Flora', 'Coach', 470149, '2020'),
('332759', '562', 'Harris', 'Jayden', 'Trainer', 46184, '2020'),
('341231', '787', 'Garcia', 'Raya', 'Coach', 124925, '2020'),
('435726', '271', 'Thomas', 'Murphy', 'Coach', 451872, '2020'),
('436828', '158', 'Whittingham', 'Kyle', 'Coach', 64100, '2020'),
('490254', '146', 'Hernandez', 'Lucas', 'Trainer', 45366, '2020'),
('506944', '827', 'Brown', 'Elijah', 'Coach', 275002, '2020'),
('517290', '308', 'Gonzalez', 'Zion', 'Trainer', 32493, '2020'),
('527067', '350', 'Lewis', 'Luca', 'Trainer', 12894, '2020'),
('555713', '569', 'Martinez', 'Vida', 'Coach', 496241, '2020'),
('571320', '787', 'Lee', 'Kai', 'Trainer', 34658, '2020'),
('641890', '347', 'White', 'Alexander', 'Trainer', 17085, '2020'),
('708727', '158', 'Thompson', 'Levi', 'Trainer', 36391, '2020'),
('734839', '569', 'Clark', 'Eliana', 'Trainer', 25899, '2020'),
('799537', '827', 'Jackson', 'Jack', 'Trainer', 15694, '2020'),
('835055', '350', 'Anderson', 'Emberlynn', 'Coach', 50380, '2020'),
('836385', '937', 'Williams', 'Oliver', 'Coach', 276137, '2020'),
('857091', '271', 'Walker', 'Maeve', 'Trainer', 50005, '2020'),
('897927', '487', 'Robinson', 'Ezra', 'Trainer', 16557, '2020'),
('916796', '308', 'Rodriguez', 'Wrenley', 'Coach', 164957, '2020'),
('946163', '828', 'Johnson', 'Noah', 'Coach', 212924, '2020'),
('958022', '455', 'Davis', 'Benjamin', 'Coach', 544302, '2020');

-- --------------------------------------------------------

--
-- Table structure for table `equipment`
--

DROP TABLE IF EXISTS `equipment`;
CREATE TABLE IF NOT EXISTS `equipment` (
  `equipment_ID` varchar(10) NOT NULL,
  `team_ID` varchar(3) NOT NULL,
  `Expense_AMT` int(10) NOT NULL,
  `Calendar_YR` varchar(4) NOT NULL,
  PRIMARY KEY (`equipment_ID`)
) ENGINE=InnoDB DEFAULT CHARSET=utf8;

--
-- Dumping data for table `equipment`
--

INSERT INTO `equipment` (`equipment_ID`, `team_ID`, `Expense_AMT`, `Calendar_YR`) VALUES
('11788', '562', 566, '2022'),
('12609', '569', 4744, '2022'),
('12661', '569', 3977, '2020'),
('12878', '937', 3370, '2020'),
('13447', '455', 3267, '2022'),
('13482', '455', 2650, '2021'),
('13583', '827', 1259, '2020'),
('15231', '827', 1137, '2021'),
('16030', '827', 1137, '2021'),
('16094', '271', 3714, '2022'),
('16181', '271', 3652, '2021'),
('17696', '827', 1524, '2022'),
('18400', '308', 4008, '2022'),
('18547', '350', 2006, '2020'),
('19025', '146', 1876, '2020'),
('19037', '347', 4188, '2022'),
('19090', '562', 3327, '2022'),
('19211', '271', 4543, '2022'),
('21263', '146', 2174, '2022'),
('21359', '350', 1130, '2021'),
('21449', '146', 2390, '2020'),
('22321', '158', 2772, '2021'),
('22508', '146', 1375, '2021'),
('23339', '271', 2233, '2020'),
('23507', '350', 651, '2022'),
('23557', '158', 4035, '2021'),
('24164', '569', 550, '2022'),
('24245', '158', 3222, '2022'),
('24865', '308', 3943, '2021'),
('25220', '271', 2033, '2022'),
('25603', '487', 4228, '2022'),
('25923', '487', 4234, '2020'),
('27363', '487', 4260, '2022'),
('28405', '487', 1201, '2021'),
('28659', '569', 4589, '2021'),
('29242', '271', 1334, '2020'),
('29308', '347', 4095, '2022'),
('30808', '787', 4323, '2021'),
('31793', '937', 3179, '2020'),
('31851', '828', 1617, '2021'),
('32082', '787', 2569, '2021'),
('32386', '350', 1865, '2021'),
('32561', '350', 2749, '2020'),
('32707', '308', 4390, '2022'),
('33584', '347', 4506, '2022'),
('34000', '828', 3081, '2021'),
('34653', '828', 1139, '2022'),
('34839', '937', 2578, '2022'),
('34946', '787', 2811, '2021'),
('35358', '347', 1581, '2022'),
('36296', '827', 584, '2022'),
('36363', '350', 4145, '2021'),
('36698', '787', 2123, '2021'),
('37326', '271', 2830, '2020'),
('37475', '562', 1059, '2020'),
('37535', '937', 4900, '2022'),
('38691', '828', 3859, '2021'),
('38982', '569', 996, '2021'),
('39409', '455', 750, '2021'),
('39464', '347', 793, '2021'),
('40139', '562', 3868, '2021'),
('40469', '350', 4135, '2020'),
('40903', '937', 2995, '2022'),
('41542', '158', 1815, '2021'),
('41766', '158', 1483, '2022'),
('41812', '158', 2118, '2021'),
('42347', '787', 1225, '2020'),
('43288', '828', 851, '2020'),
('43662', '937', 3223, '2021'),
('44186', '487', 1840, '2020'),
('44497', '828', 574, '2021'),
('44876', '308', 2502, '2020'),
('44919', '146', 600, '2021'),
('45438', '562', 3079, '2020'),
('45798', '271', 2619, '2021'),
('46187', '827', 3337, '2022'),
('46256', '569', 2098, '2020'),
('46772', '455', 3668, '2020'),
('47291', '158', 3167, '2020'),
('47493', '569', 2582, '2022'),
('47568', '347', 2815, '2021'),
('47616', '937', 1535, '2020'),
('47810', '487', 1640, '2022'),
('47947', '787', 1830, '2022'),
('48535', '347', 1258, '2021'),
('49739', '487', 1865, '2021'),
('50644', '271', 1913, '2021'),
('50801', '308', 4633, '2020'),
('50955', '308', 4216, '2021'),
('52060', '787', 1773, '2021'),
('52215', '158', 26772, '2022'),
('52742', '937', 4484, '2021'),
('53115', '487', 2706, '2021'),
('54178', '350', 557, '2020'),
('54691', '350', 693, '2021'),
('54819', '569', 1899, '2021'),
('55004', '487', 1090, '2020'),
('55435', '158', 78453, '2021'),
('55567', '146', 4630, '2021'),
('55779', '347', 3528, '2020'),
('56034', '828', 2876, '2022'),
('56830', '350', 3967, '2022'),
('57607', '455', 606, '2020'),
('58088', '158', 7890, '2020'),
('59268', '271', 1373, '2022'),
('60887', '569', 4131, '2022'),
('60997', '827', 3212, '2021'),
('61203', '487', 4893, '2020'),
('61395', '487', 2076, '2022'),
('61706', '787', 4183, '2022'),
('61793', '562', 1583, '2022'),
('61849', '455', 2574, '2020'),
('62032', '562', 2250, '2021'),
('62788', '827', 4929, '2021'),
('63127', '146', 4561, '2022'),
('65028', '569', 1046, '2020'),
('65452', '146', 790, '2020'),
('66385', '308', 3292, '2020'),
('66481', '828', 3787, '2022'),
('66597', '487', 2910, '2021'),
('66667', '937', 1527, '2021'),
('67613', '271', 2098, '2021'),
('67822', '787', 4203, '2022'),
('68281', '828', 3327, '2020'),
('68471', '350', 3228, '2021'),
('68690', '828', 3222, '2020'),
('68826', '158', 13976, '2022'),
('69775', '569', 2514, '2021'),
('69936', '347', 1275, '2020'),
('70074', '158', 12456, '2021'),
('70268', '937', 3105, '2021'),
('71634', '787', 3285, '2020'),
('72111', '455', 2938, '2021'),
('72651', '455', 994, '2020'),
('72675', '487', 3369, '2021'),
('73312', '350', 2118, '2022'),
('73819', '827', 1430, '2020'),
('74199', '308', 2802, '2021'),
('74252', '828', 1234, '2020'),
('74572', '347', 2984, '2020'),
('74719', '146', 4161, '2020'),
('75663', '455', 1510, '2020'),
('76506', '937', 2409, '2020'),
('76523', '828', 2540, '2021'),
('76579', '787', 4662, '2020'),
('76754', '828', 1519, '2022'),
('77159', '350', 1244, '2022'),
('77160', '562', 1018, '2021'),
('78333', '827', 4138, '2022'),
('78538', '562', 1895, '2021'),
('78612', '146', 3744, '2022'),
('79119', '347', 2277, '2020'),
('79215', '569', 3980, '2020'),
('79368', '146', 3835, '2020'),
('81045', '937', 3069, '2022'),
('81215', '827', 2305, '2020'),
('81753', '569', 1564, '2020'),
('81857', '562', 3988, '2020'),
('83298', '455', 1806, '2022'),
('83540', '271', 1403, '2020'),
('84970', '937', 1430, '2022'),
('85014', '158', 4598, '2022'),
('85023', '455', 565, '2020'),
('85653', '787', 2757, '2021'),
('85784', '158', 4019, '2020'),
('86061', '271', 1384, '2021'),
('86473', '828', 3951, '2020'),
('86641', '158', 1496, '2022'),
('86678', '937', 4200, '2020'),
('87076', '158', 4063, '2020'),
('87127', '487', 1282, '2020'),
('88017', '350', 4900, '2020'),
('88302', '146', 1568, '2022'),
('88897', '308', 1180, '2021'),
('89086', '562', 3144, '2020'),
('89287', '308', 4254, '2022'),
('89434', '827', 1458, '2020'),
('89541', '827', 3171, '2020'),
('90778', '308', 2072, '2022'),
('90828', '158', 4033, '2020'),
('90885', '158', 4973, '2020'),
('90946', '271', 1588, '2022'),
('91098', '347', 1099, '2021'),
('91130', '158', 849, '2021'),
('91714', '562', 3750, '2021'),
('92124', '562', 1642, '2020'),
('92317', '146', 3691, '2020'),
('92738', '455', 3023, '2021'),
('94748', '308', 3790, '2020'),
('94804', '787', 3890, '2020'),
('95230', '146', 2237, '2021'),
('95841', '308', 769, '2022'),
('96211', '827', 2678, '2020'),
('96858', '347', 4952, '2020'),
('97108', '455', 4687, '2022'),
('97450', '562', 4257, '2022'),
('97922', '455', 1538, '2022'),
('97945', '347', 1102, '2022'),
('98067', '787', 1064, '2022'),
('98490', '569', 2469, '2021'),
('98748', '308', 2227, '2021');

-- --------------------------------------------------------

--
-- Table structure for table `rank`
--

DROP TABLE IF EXISTS `rank`;
CREATE TABLE IF NOT EXISTS `rank` (
  `team_ID` varchar(3) NOT NULL,
  `rank` varchar(3) NOT NULL,
  `calendar_YR` varchar(4) NOT NULL
) ENGINE=InnoDB DEFAULT CHARSET=utf8;

--
-- Dumping data for table `rank`
--

INSERT INTO `rank` (`team_ID`, `rank`, `calendar_YR`) VALUES
('146', '30', '2022'),
('828', '35', '2022'),
('937', '5', '2022'),
('827', '44', '2022'),
('158', '3', '2022'),
('347', '29', '2022'),
('455', '4', '2022'),
('787', '16', '2022'),
('308', '43', '2022'),
('562', '31', '2022'),
('569', '21', '2022'),
('350', '15', '2022'),
('487', '25', '2022'),
('271', '34', '2022');

-- --------------------------------------------------------

--
-- Table structure for table `scholarship`
--

DROP TABLE IF EXISTS `scholarship`;
CREATE TABLE IF NOT EXISTS `scholarship` (
  `athlete_ID` varchar(25) NOT NULL,
  `team_ID` varchar(25) NOT NULL,
  `scholarship_ID` varchar(25) NOT NULL,
  `scholarship_AMT` int(10) NOT NULL,
  PRIMARY KEY (`scholarship_ID`)
) ENGINE=InnoDB DEFAULT CHARSET=utf8;

--
-- Dumping data for table `scholarship`
--

INSERT INTO `scholarship` (`athlete_ID`, `team_ID`, `scholarship_ID`, `scholarship_AMT`) VALUES
('8364', '146', '12692', 7347),
('1432', '308', '15286', 4283),
('6638', '787', '18336', 2863),
('9386', '827', '18926', 1300),
('8664', '937', '19757', 8537),
('7913', '347', '23633', 6103),
('7328', '158', '24698', 2881),
('5868', '455', '33466', 9155),
('6030', '347', '33487', 5863),
('2087', '569', '34893', 3571),
('3676', '455', '36508', 7522),
('2363', '271', '39347', 7552),
('3563', '146', '39352', 3278),
('5451', '827', '40524', 1973),
('6336', '487', '42242', 3005),
('6515', '158', '49172', 9783),
('2316', '937', '50577', 5910),
('5237', '828', '58159', 2951),
('5541', '787', '61514', 9909),
('6621', '350', '64888', 4104),
('1507', '562', '66508', 6729),
('2322', '308', '67589', 3985),
('5847', '487', '69953', 1728),
('2175', '271', '76080', 8214),
('3074', '828', '81716', 9812),
('7335', '562', '84484', 2882),
('9970', '569', '85395', 8387),
('5429', '350', '90109', 8463);

-- --------------------------------------------------------

--
-- Table structure for table `summary`
--

DROP TABLE IF EXISTS `summary`;
CREATE TABLE IF NOT EXISTS `summary` (
  `transaction_ID` varchar(25) NOT NULL,
  `type` varchar(25) NOT NULL,
  `source` varchar(25) NOT NULL,
  `team_ID` varchar(25) NOT NULL,
  `AMT` int(25) NOT NULL,
  `Calendar_YR` varchar(4) NOT NULL
) ENGINE=InnoDB DEFAULT CHARSET=utf8;

--
-- Dumping data for table `summary`
--

INSERT INTO `summary` (`transaction_ID`, `type`, `source`, `team_ID`, `AMT`, `Calendar_YR`) VALUES
('29825', 'Income', 'Event', '146', 895078, '2020'),
('85714', 'Income', 'Event', '828', 621586, '2020'),
('77690', 'Income', 'Event', '937', 458564, '2020'),
('20868', 'Income', 'Event', '827', 723665, '2020'),
('36476', 'Income', 'Event', '158', 628894, '2020'),
('71774', 'Income', 'Event', '347', 534584, '2020'),
('77943', 'Income', 'Event', '455', 851380, '2020'),
('40004', 'Income', 'Event', '787', 154412, '2020'),
('21689', 'Income', 'Event', '308', 550466, '2020'),
('30983', 'Income', 'Event', '562', 690190, '2020'),
('85195', 'Income', 'Event', '569', 346368, '2020'),
('81063', 'Income', 'Event', '350', 674932, '2020'),
('23549', 'Income', 'Event', '487', 494816, '2020'),
('52231', 'Income', 'Event', '271', 536607, '2020'),
('36569', 'Income', 'Event', '146', 214383, '2021'),
('82004', 'Income', 'Event', '828', 224265, '2021'),
('35229', 'Income', 'Event', '937', 115071, '2021'),
('11960', 'Income', 'Event', '827', 459456, '2021'),
('64371', 'Income', 'Event', '158', 562302, '2021'),
('61070', 'Income', 'Event', '347', 858405, '2021'),
('71433', 'Income', 'Event', '455', 80475, '2021'),
('83849', 'Income', 'Event', '787', 757632, '2021'),
('16645', 'Income', 'Event', '308', 560644, '2021'),
('56997', 'Income', 'Event', '562', 58745, '2021'),
('23886', 'Income', 'Event', '569', 441683, '2021'),
('54231', 'Income', 'Event', '350', 480238, '2021'),
('27479', 'Income', 'Event', '487', 690731, '2021'),
('99048', 'Income', 'Event', '271', 381656, '2021'),
('75118', 'Income', 'Event', '146', 807097, '2022'),
('82298', 'Income', 'Event', '828', 920464, '2022'),
('86941', 'Income', 'Event', '937', 782014, '2022'),
('81824', 'Income', 'Event', '827', 58684, '2022'),
('71235', 'Income', 'Event', '158', 448785, '2022'),
('84532', 'Income', 'Event', '347', 379891, '2022'),
('23176', 'Income', 'Event', '455', 986502, '2022'),
('71095', 'Income', 'Event', '787', 748665, '2022'),
('38940', 'Income', 'Event', '308', 824424, '2022'),
('47215', 'Income', 'Event', '562', 60705, '2022'),
('95667', 'Income', 'Event', '569', 381335, '2022'),
('26252', 'Income', 'Event', '350', 105363, '2022'),
('94750', 'Income', 'Event', '487', 513276, '2022'),
('44405', 'Income', 'Event', '271', 365912, '2022'),
('51155', 'Income', 'Event', '146', 968039, '2020'),
('83286', 'Income', 'Event', '828', 894983, '2020'),
('66290', 'Income', 'Event', '937', 485929, '2020'),
('49703', 'Income', 'Event', '827', 983318, '2020'),
('76955', 'Income', 'Event', '158', 265544, '2020'),
('55285', 'Income', 'Event', '347', 611158, '2020'),
('77188', 'Income', 'Event', '455', 787698, '2020'),
('46721', 'Income', 'Event', '787', 832998, '2020'),
('40506', 'Income', 'Event', '308', 295933, '2020'),
('71576', 'Income', 'Event', '562', 15158, '2020'),
('16051', 'Income', 'Event', '569', 706348, '2020'),
('47470', 'Income', 'Event', '350', 590872, '2020'),
('86900', 'Income', 'Event', '487', 859795, '2020'),
('72473', 'Income', 'Event', '271', 59072, '2020'),
('65287', 'Income', 'Event', '146', 273684, '2021'),
('50367', 'Income', 'Event', '828', 541263, '2021'),
('71398', 'Income', 'Event', '937', 916993, '2021'),
('35554', 'Income', 'Event', '827', 132224, '2021'),
('55151', 'Income', 'Event', '158', 760421, '2021'),
('58978', 'Income', 'Event', '347', 722057, '2021'),
('73423', 'Income', 'Event', '455', 873075, '2021'),
('79615', 'Income', 'Event', '787', 234093, '2021'),
('90973', 'Income', 'Event', '308', 450407, '2021'),
('62772', 'Income', 'Event', '562', 977630, '2021'),
('74706', 'Income', 'Event', '569', 280480, '2021'),
('12277', 'Income', 'Event', '350', 183333, '2021'),
('52742', 'Income', 'Event', '487', 61214, '2021'),
('97860', 'Income', 'Event', '271', 733304, '2021'),
('20988', 'Income', 'Event', '146', 769486, '2022'),
('48942', 'Income', 'Event', '828', 910090, '2022'),
('38218', 'Income', 'Event', '937', 875953, '2022'),
('80626', 'Income', 'Event', '827', 789475, '2022'),
('64728', 'Income', 'Event', '158', 114426, '2022'),
('64964', 'Income', 'Event', '347', 400178, '2022'),
('35581', 'Income', 'Event', '455', 281807, '2022'),
('45171', 'Income', 'Event', '787', 893534, '2022'),
('31578', 'Income', 'Event', '308', 110587, '2022'),
('37766', 'Income', 'Event', '562', 261236, '2022'),
('73088', 'Income', 'Event', '569', 802814, '2022'),
('69633', 'Income', 'Event', '350', 902507, '2022'),
('93831', 'Income', 'Event', '487', 77443, '2022'),
('83894', 'Income', 'Event', '271', 760092, '2022'),
('73745', 'Income', 'Event', '146', 381643, '2020'),
('57113', 'Income', 'Event', '828', 192777, '2020'),
('91744', 'Income', 'Event', '937', 476454, '2020'),
('28463', 'Income', 'Event', '827', 213530, '2020'),
('40291', 'Income', 'Event', '158', 304362, '2020'),
('37349', 'Income', 'Event', '347', 850916, '2020'),
('82603', 'Income', 'Event', '455', 167190, '2020'),
('88026', 'Income', 'Event', '787', 560706, '2020'),
('12979', 'Income', 'Event', '308', 790229, '2020'),
('72348', 'Income', 'Event', '562', 527102, '2020'),
('61315', 'Income', 'Event', '569', 801509, '2020'),
('12793', 'Income', 'Event', '350', 75440, '2020'),
('53064', 'Income', 'Event', '487', 256825, '2020'),
('93516', 'Income', 'Event', '271', 423405, '2020'),
('24872', 'Income', 'Event', '146', 32289, '2021'),
('66884', 'Income', 'Event', '828', 376867, '2021'),
('41207', 'Income', 'Event', '937', 511692, '2021'),
('38627', 'Income', 'Event', '827', 938176, '2021'),
('41266', 'Income', 'Event', '158', 591152, '2021'),
('54728', 'Income', 'Event', '347', 370503, '2021'),
('41676', 'Income', 'Event', '455', 637689, '2021'),
('16541', 'Income', 'Event', '787', 100371, '2021'),
('21441', 'Income', 'Event', '308', 858121, '2021'),
('62296', 'Income', 'Event', '562', 301492, '2021'),
('51495', 'Income', 'Event', '569', 638321, '2021'),
('86577', 'Income', 'Event', '350', 995868, '2021'),
('47002', 'Income', 'Event', '487', 940432, '2021'),
('14351', 'Income', 'Event', '271', 137650, '2021'),
('82558', 'Income', 'Event', '146', 925302, '2022'),
('55577', 'Income', 'Event', '828', 809501, '2022'),
('48105', 'Income', 'Event', '937', 843202, '2022'),
('35036', 'Income', 'Event', '827', 834222, '2022'),
('38951', 'Income', 'Event', '158', 333353, '2022'),
('63064', 'Income', 'Event', '347', 846965, '2022'),
('68609', 'Income', 'Event', '455', 454327, '2022'),
('78582', 'Income', 'Event', '787', 646449, '2022'),
('26470', 'Income', 'Event', '308', 698787, '2022'),
('67615', 'Income', 'Event', '562', 337382, '2022'),
('18144', 'Income', 'Event', '569', 942299, '2022'),
('97026', 'Income', 'Event', '350', 827797, '2022'),
('55262', 'Income', 'Event', '487', 311990, '2022'),
('79818', 'Income', 'Event', '271', 130376, '2022'),
('82000', 'Income', 'Event', '146', 897029, '2020'),
('83350', 'Income', 'Event', '828', 582190, '2020'),
('92341', 'Income', 'Event', '937', 812238, '2020'),
('80922', 'Income', 'Event', '827', 773389, '2020'),
('76701', 'Income', 'Event', '158', 382992, '2020'),
('34307', 'Income', 'Event', '347', 977351, '2020'),
('99597', 'Income', 'Event', '455', 625142, '2020'),
('60735', 'Income', 'Event', '787', 496333, '2020'),
('48763', 'Income', 'Event', '308', 924648, '2020'),
('69412', 'Income', 'Event', '562', 287592, '2020'),
('81774', 'Income', 'Event', '569', 221849, '2020'),
('74219', 'Income', 'Event', '350', 268041, '2020'),
('29817', 'Income', 'Event', '487', 445981, '2020'),
('13830', 'Income', 'Event', '271', 824993, '2020'),
('', 'Expense', 'Event', '146', 21441, '2020'),
('', 'Expense', 'Event', '828', 3146, '2020'),
('', 'Expense', 'Event', '937', 89800, '2020'),
('', 'Expense', 'Event', '827', 45447, '2020'),
('', 'Expense', 'Event', '158', 53594, '2020'),
('', 'Expense', 'Event', '347', 70125, '2020'),
('', 'Expense', 'Event', '455', 49810, '2020'),
('', 'Expense', 'Event', '787', 60695, '2020'),
('', 'Expense', 'Event', '308', 21446, '2020'),
('', 'Expense', 'Event', '562', 97561, '2020'),
('', 'Expense', 'Event', '569', 61580, '2020'),
('', 'Expense', 'Event', '350', 29777, '2020'),
('', 'Expense', 'Event', '487', 33607, '2020'),
('', 'Expense', 'Event', '271', 49243, '2021'),
('', 'Expense', 'Event', '146', 46077, '2021'),
('', 'Expense', 'Event', '828', 72797, '2021'),
('', 'Expense', 'Event', '937', 30018, '2021'),
('', 'Expense', 'Event', '827', 65816, '2021'),
('', 'Expense', 'Event', '158', 6283, '2021'),
('', 'Expense', 'Event', '347', 95748, '2021'),
('', 'Expense', 'Event', '455', 40874, '2021'),
('', 'Expense', 'Event', '787', 9799, '2021'),
('', 'Expense', 'Event', '308', 12726, '2021'),
('', 'Expense', 'Event', '562', 44974, '2021'),
('', 'Expense', 'Event', '569', 76129, '2021'),
('', 'Expense', 'Event', '350', 65053, '2021'),
('', 'Expense', 'Event', '487', 25023, '2021'),
('', 'Expense', 'Event', '271', 74361, '2021'),
('', 'Expense', 'Event', '146', 25256, '2022'),
('', 'Expense', 'Event', '828', 63903, '2022'),
('', 'Expense', 'Event', '937', 48511, '2022'),
('', 'Expense', 'Event', '827', 2533, '2022'),
('', 'Expense', 'Event', '158', 42679, '2022'),
('', 'Expense', 'Event', '347', 86861, '2022'),
('', 'Expense', 'Event', '455', 38813, '2022'),
('', 'Expense', 'Event', '787', 42660, '2022'),
('', 'Expense', 'Event', '308', 3554, '2022'),
('', 'Expense', 'Event', '562', 95021, '2022'),
('', 'Expense', 'Event', '569', 65525, '2022'),
('', 'Expense', 'Event', '350', 35275, '2022'),
('', 'Expense', 'Event', '487', 38789, '2022'),
('', 'Expense', 'Event', '271', 11021, '2022'),
('', 'Expense', 'Event', '146', 34538, '2020'),
('', 'Expense', 'Event', '828', 40140, '2020'),
('', 'Expense', 'Event', '937', 65971, '2020'),
('', 'Expense', 'Event', '827', 30353, '2020'),
('', 'Expense', 'Event', '158', 67478, '2020'),
('', 'Expense', 'Event', '347', 60705, '2020'),
('', 'Expense', 'Event', '455', 24252, '2020'),
('', 'Expense', 'Event', '787', 23928, '2020'),
('', 'Expense', 'Event', '308', 92040, '2020'),
('', 'Expense', 'Event', '562', 66082, '2020'),
('', 'Expense', 'Event', '569', 87878, '2020'),
('', 'Expense', 'Event', '350', 82786, '2020'),
('', 'Expense', 'Event', '487', 7786, '2020'),
('', 'Expense', 'Event', '271', 37127, '2021'),
('', 'Expense', 'Event', '146', 56896, '2021'),
('', 'Expense', 'Event', '828', 13461, '2021'),
('', 'Expense', 'Event', '937', 31957, '2021'),
('', 'Expense', 'Event', '827', 21484, '2021'),
('', 'Expense', 'Event', '158', 76927, '2021'),
('', 'Expense', 'Event', '347', 21944, '2021'),
('', 'Expense', 'Event', '455', 28840, '2021'),
('', 'Expense', 'Event', '787', 72358, '2021'),
('', 'Expense', 'Event', '308', 85866, '2021'),
('', 'Expense', 'Event', '562', 76035, '2021'),
('', 'Expense', 'Event', '569', 17798, '2021'),
('', 'Expense', 'Event', '350', 30406, '2021'),
('', 'Expense', 'Event', '487', 62038, '2021'),
('', 'Expense', 'Event', '271', 34296, '2021'),
('', 'Expense', 'Event', '146', 36744, '2022'),
('', 'Expense', 'Event', '828', 19013, '2022'),
('', 'Expense', 'Event', '937', 59681, '2022'),
('', 'Expense', 'Event', '827', 60525, '2022'),
('', 'Expense', 'Event', '158', 86625, '2022'),
('', 'Expense', 'Event', '347', 8292, '2022'),
('', 'Expense', 'Event', '455', 13876, '2022'),
('', 'Expense', 'Event', '787', 94715, '2022'),
('', 'Expense', 'Event', '308', 50661, '2022'),
('', 'Expense', 'Event', '562', 67718, '2022'),
('', 'Expense', 'Event', '569', 4102, '2022'),
('', 'Expense', 'Event', '350', 41324, '2022'),
('', 'Expense', 'Event', '487', 85097, '2022'),
('', 'Expense', 'Event', '271', 5260, '2022'),
('', 'Expense', 'Event', '146', 72023, '2020'),
('', 'Expense', 'Event', '828', 71353, '2020'),
('', 'Expense', 'Event', '937', 29140, '2020'),
('', 'Expense', 'Event', '827', 27641, '2020'),
('', 'Expense', 'Event', '158', 90018, '2020'),
('', 'Expense', 'Event', '347', 84146, '2020'),
('', 'Expense', 'Event', '455', 31664, '2020'),
('', 'Expense', 'Event', '787', 86357, '2020'),
('', 'Expense', 'Event', '308', 55131, '2020'),
('', 'Expense', 'Event', '562', 9894, '2020'),
('', 'Expense', 'Event', '569', 81654, '2020'),
('', 'Expense', 'Event', '350', 28236, '2020'),
('', 'Expense', 'Event', '487', 45150, '2020'),
('', 'Expense', 'Event', '271', 88449, '2020'),
('', 'Expense', 'Event', '146', 30050, '2021'),
('', 'Expense', 'Event', '828', 71043, '2021'),
('', 'Expense', 'Event', '937', 93153, '2021'),
('', 'Expense', 'Event', '827', 66336, '2021'),
('', 'Expense', 'Event', '158', 99536, '2021'),
('', 'Expense', 'Event', '347', 69447, '2021'),
('', 'Expense', 'Event', '455', 52631, '2021'),
('', 'Expense', 'Event', '787', 80914, '2021'),
('', 'Expense', 'Event', '308', 86447, '2021'),
('', 'Expense', 'Event', '562', 44071, '2021'),
('', 'Expense', 'Event', '569', 4510, '2021'),
('', 'Expense', 'Event', '350', 83543, '2021'),
('', 'Expense', 'Event', '487', 38968, '2021'),
('', 'Expense', 'Event', '271', 79810, '2021'),
('', 'Expense', 'Event', '146', 60534, '2022'),
('', 'Expense', 'Event', '828', 74063, '2022'),
('', 'Expense', 'Event', '937', 32418, '2022'),
('', 'Expense', 'Event', '827', 72644, '2022'),
('', 'Expense', 'Event', '158', 30909, '2022'),
('', 'Expense', 'Event', '347', 67931, '2022'),
('', 'Expense', 'Event', '455', 73005, '2022'),
('', 'Expense', 'Event', '787', 36007, '2022'),
('', 'Expense', 'Event', '308', 19897, '2022'),
('', 'Expense', 'Event', '562', 14598, '2022'),
('', 'Expense', 'Event', '569', 59350, '2022'),
('', 'Expense', 'Event', '350', 34997, '2022'),
('', 'Expense', 'Event', '487', 3335, '2022'),
('', 'Expense', 'Event', '271', 10233, '2022'),
('', 'Expense', 'Event', '146', 41801, '2020'),
('', 'Expense', 'Event', '828', 53686, '2020'),
('', 'Expense', 'Event', '937', 95360, '2020'),
('', 'Expense', 'Event', '827', 81140, '2020'),
('', 'Expense', 'Event', '158', 73987, '2020'),
('', 'Expense', 'Event', '347', 70970, '2020'),
('', 'Expense', 'Event', '455', 91933, '2020'),
('', 'Expense', 'Event', '787', 62765, '2020'),
('', 'Expense', 'Event', '308', 3039, '2020'),
('', 'Expense', 'Event', '562', 23920, '2020'),
('', 'Expense', 'Event', '569', 88751, '2020'),
('', 'Expense', 'Event', '350', 18041, '2020'),
('', 'Expense', 'Event', '487', 55797, '2020'),
('', 'Expense', 'Event', '271', 47024, '2020'),
('', 'Expense', 'Salary', '146', 17060, '2021'),
('', 'Expense', 'Salary', '828', 75292, '2021'),
('', 'Expense', 'Salary', '937', 76873, '2021'),
('', 'Expense', 'Salary', '827', 78625, '2021'),
('', 'Expense', 'Salary', '158', 34116, '2021'),
('', 'Expense', 'Salary', '347', 87246, '2021'),
('', 'Expense', 'Salary', '455', 67579, '2021'),
('', 'Expense', 'Salary', '787', 96296, '2021'),
('', 'Expense', 'Salary', '308', 17510, '2021'),
('', 'Expense', 'Salary', '562', 30486, '2021'),
('', 'Expense', 'Salary', '569', 27429, '2021'),
('', 'Expense', 'Salary', '350', 87333, '2021'),
('', 'Expense', 'Salary', '487', 27960, '2021'),
('', 'Expense', 'Salary', '271', 44940, '2021'),
('', 'Expense', 'Salary', '146', 12052, '2022'),
('', 'Expense', 'Salary', '828', 92193, '2022'),
('', 'Expense', 'Salary', '937', 41146, '2022'),
('', 'Expense', 'Salary', '827', 79052, '2022'),
('', 'Expense', 'Salary', '158', 59203, '2022'),
('', 'Expense', 'Salary', '347', 59517, '2022'),
('', 'Expense', 'Salary', '455', 93451, '2022'),
('', 'Expense', 'Salary', '787', 77638, '2022'),
('', 'Expense', 'Salary', '308', 71387, '2022'),
('', 'Expense', 'Salary', '562', 19985, '2022'),
('', 'Expense', 'Salary', '569', 57017, '2022'),
('', 'Expense', 'Salary', '350', 64299, '2022'),
('', 'Expense', 'Salary', '487', 8635, '2022'),
('', 'Expense', 'Salary', '271', 22348, '2022'),
('', 'Expense', 'Salary', '146', 54086, '2020'),
('', 'Expense', 'Salary', '828', 87353, '2020'),
('', 'Expense', 'Salary', '937', 56367, '2020'),
('', 'Expense', 'Salary', '827', 46113, '2020'),
('', 'Expense', 'Salary', '158', 36230, '2020'),
('', 'Expense', 'Salary', '347', 75449, '2020'),
('', 'Expense', 'Salary', '455', 40913, '2020'),
('', 'Expense', 'Salary', '787', 44977, '2020'),
('', 'Expense', 'Salary', '308', 57248, '2020'),
('', 'Expense', 'Salary', '562', 50477, '2020'),
('', 'Expense', 'Salary', '569', 53466, '2020'),
('', 'Expense', 'Salary', '350', 65436, '2020'),
('', 'Expense', 'Salary', '487', 63703, '2020'),
('', 'Expense', 'Salary', '271', 6718, '2020'),
('', 'Expense', 'Salary', '146', 23412, '2021'),
('', 'Expense', 'Salary', '828', 89066, '2021'),
('', 'Expense', 'Salary', '937', 40645, '2021'),
('', 'Expense', 'Salary', '827', 12619, '2021'),
('', 'Expense', 'Salary', '158', 77283, '2021'),
('', 'Expense', 'Salary', '347', 87872, '2021'),
('', 'Expense', 'Salary', '455', 76835, '2021'),
('', 'Expense', 'Salary', '787', 54668, '2021'),
('', 'Expense', 'Salary', '308', 58094, '2021'),
('', 'Expense', 'Salary', '562', 91336, '2021'),
('', 'Expense', 'Salary', '569', 68835, '2021'),
('', 'Expense', 'Salary', '350', 11995, '2021'),
('', 'Expense', 'Salary', '487', 77165, '2021'),
('', 'Expense', 'Salary', '271', 82799, '2021'),
('', 'Expense', 'Salary', '146', 66506, '2022'),
('', 'Expense', 'Salary', '828', 80470, '2022'),
('', 'Expense', 'Salary', '937', 59184, '2022'),
('', 'Expense', 'Salary', '827', 95928, '2022'),
('', 'Expense', 'Salary', '158', 9257, '2022'),
('', 'Expense', 'Salary', '347', 31943, '2022'),
('', 'Expense', 'Salary', '455', 13055, '2022'),
('', 'Expense', 'Salary', '787', 77727, '2022'),
('', 'Expense', 'Salary', '308', 52539, '2022'),
('', 'Expense', 'Salary', '562', 76485, '2022'),
('', 'Expense', 'Salary', '569', 29416, '2022'),
('', 'Expense', 'Salary', '350', 73001, '2022'),
('', 'Expense', 'Salary', '487', 31079, '2022'),
('', 'Expense', 'Salary', '271', 56803, '2022'),
('', 'Expense', 'Salary', '146', 8574, '2020'),
('', 'Expense', 'Salary', '828', 88531, '2020'),
('', 'Expense', 'Salary', '937', 66885, '2020'),
('', 'Expense', 'Salary', '827', 94348, '2020'),
('', 'Expense', 'Salary', '158', 27555, '2020'),
('', 'Expense', 'Salary', '347', 31748, '2020'),
('', 'Expense', 'Salary', '455', 73192, '2020'),
('', 'Expense', 'Salary', '787', 46676, '2020'),
('', 'Expense', 'Salary', '308', 38950, '2020'),
('', 'Expense', 'Salary', '562', 97729, '2020'),
('', 'Expense', 'Salary', '569', 15421, '2020'),
('', 'Expense', 'Salary', '350', 38161, '2020'),
('', 'Expense', 'Salary', '487', 41070, '2020'),
('', 'Expense', 'Salary', '271', 57533, '2020'),
('', 'Expense', 'Equipment', '146', 88684, '2021'),
('', 'Expense', 'Equipment', '828', 59048, '2021'),
('', 'Expense', 'Equipment', '937', 53563, '2021'),
('', 'Expense', 'Equipment', '827', 18578, '2021'),
('', 'Expense', 'Equipment', '158', 45372, '2021'),
('', 'Expense', 'Equipment', '347', 16470, '2021'),
('', 'Expense', 'Equipment', '455', 62247, '2021'),
('', 'Expense', 'Equipment', '787', 21386, '2021'),
('', 'Expense', 'Equipment', '308', 23182, '2021'),
('', 'Expense', 'Equipment', '562', 77740, '2021'),
('', 'Expense', 'Equipment', '569', 90998, '2021'),
('', 'Expense', 'Equipment', '350', 31158, '2021'),
('', 'Expense', 'Equipment', '487', 44369, '2021'),
('', 'Expense', 'Equipment', '271', 26456, '2021'),
('', 'Expense', 'Equipment', '146', 1381, '2022'),
('', 'Expense', 'Equipment', '828', 65328, '2022'),
('', 'Expense', 'Equipment', '937', 62750, '2022'),
('', 'Expense', 'Equipment', '827', 37133, '2022'),
('', 'Expense', 'Equipment', '158', 61385, '2022'),
('', 'Expense', 'Equipment', '347', 10544, '2022'),
('', 'Expense', 'Equipment', '455', 71146, '2022'),
('', 'Expense', 'Equipment', '787', 46945, '2022'),
('', 'Expense', 'Equipment', '308', 40817, '2022'),
('', 'Expense', 'Equipment', '562', 10025, '2022'),
('', 'Expense', 'Equipment', '569', 52894, '2022'),
('', 'Expense', 'Equipment', '350', 14045, '2022'),
('', 'Expense', 'Equipment', '487', 43807, '2022'),
('', 'Expense', 'Equipment', '271', 88978, '2022'),
('', 'Expense', 'Equipment', '146', 44998, '2020'),
('', 'Expense', 'Equipment', '828', 22509, '2020'),
('', 'Expense', 'Equipment', '937', 14180, '2020'),
('', 'Expense', 'Equipment', '827', 80075, '2020'),
('', 'Expense', 'Equipment', '158', 7920, '2020'),
('', 'Expense', 'Equipment', '347', 88093, '2020'),
('', 'Expense', 'Equipment', '455', 74089, '2020'),
('', 'Expense', 'Equipment', '787', 72723, '2020'),
('', 'Expense', 'Equipment', '308', 10450, '2020'),
('', 'Expense', 'Equipment', '562', 52735, '2020'),
('', 'Expense', 'Equipment', '569', 73473, '2020'),
('', 'Expense', 'Equipment', '350', 41088, '2020'),
('', 'Expense', 'Equipment', '487', 7843, '2020'),
('', 'Expense', 'Equipment', '271', 4872, '2020'),
('', 'Expense', 'Equipment', '146', 89701, '2021'),
('', 'Expense', 'Equipment', '828', 56100, '2021'),
('', 'Expense', 'Equipment', '937', 78755, '2021'),
('', 'Expense', 'Equipment', '827', 80635, '2021'),
('', 'Expense', 'Equipment', '158', 53133, '2021'),
('', 'Expense', 'Equipment', '347', 27632, '2021'),
('', 'Expense', 'Equipment', '455', 10184, '2021'),
('', 'Expense', 'Equipment', '787', 54647, '2021'),
('', 'Expense', 'Equipment', '308', 2725, '2021'),
('', 'Expense', 'Equipment', '562', 82295, '2021'),
('', 'Expense', 'Equipment', '569', 80319, '2021'),
('', 'Expense', 'Equipment', '350', 98547, '2021'),
('', 'Expense', 'Equipment', '487', 54915, '2021'),
('', 'Expense', 'Equipment', '271', 42731, '2021'),
('', 'Expense', 'Equipment', '146', 84406, '2022'),
('', 'Expense', 'Equipment', '828', 44111, '2022'),
('', 'Expense', 'Equipment', '937', 69061, '2022'),
('', 'Expense', 'Equipment', '827', 79538, '2022'),
('', 'Expense', 'Equipment', '158', 51575, '2022'),
('', 'Expense', 'Equipment', '347', 51151, '2022'),
('', 'Expense', 'Equipment', '455', 21581, '2022'),
('', 'Expense', 'Equipment', '787', 51142, '2022'),
('', 'Expense', 'Equipment', '308', 16248, '2022'),
('', 'Expense', 'Equipment', '562', 29676, '2022'),
('', 'Expense', 'Equipment', '569', 30422, '2022'),
('', 'Expense', 'Equipment', '350', 47695, '2022'),
('', 'Expense', 'Equipment', '487', 5946, '2022'),
('', 'Expense', 'Equipment', '271', 87097, '2022'),
('', 'Expense', 'Equipment', '146', 89345, '2020'),
('', 'Expense', 'Equipment', '828', 8720, '2020'),
('', 'Expense', 'Equipment', '937', 95831, '2020'),
('', 'Expense', 'Equipment', '827', 24749, '2020'),
('', 'Expense', 'Equipment', '158', 52895, '2020'),
('', 'Expense', 'Equipment', '347', 77176, '2020'),
('', 'Expense', 'Equipment', '455', 18432, '2020'),
('', 'Expense', 'Equipment', '787', 82870, '2020'),
('', 'Expense', 'Equipment', '308', 94356, '2020'),
('', 'Expense', 'Equipment', '562', 97492, '2020'),
('', 'Expense', 'Equipment', '569', 40158, '2020'),
('', 'Expense', 'Equipment', '350', 18355, '2020'),
('', 'Expense', 'Equipment', '487', 50966, '2020'),
('', 'Expense', 'Equipment', '271', 9820, '2020'),
('', 'Expense', 'Equipment', '146', 82019, '2021'),
('', 'Expense', 'Equipment', '828', 16191, '2021'),
('', 'Expense', 'Equipment', '937', 1742, '2021'),
('', 'Expense', 'Equipment', '827', 91672, '2021'),
('', 'Expense', 'Equipment', '158', 61904, '2021'),
('', 'Expense', 'Equipment', '347', 26993, '2021'),
('', 'Expense', 'Equipment', '455', 42423, '2021'),
('', 'Expense', 'Equipment', '787', 43776, '2021'),
('', 'Expense', 'Equipment', '308', 15361, '2021'),
('', 'Expense', 'Equipment', '562', 18491, '2021'),
('', 'Expense', 'Equipment', '569', 45483, '2021'),
('', 'Expense', 'Equipment', '350', 55643, '2021'),
('', 'Expense', 'Equipment', '487', 9894, '2021'),
('', 'Expense', 'Equipment', '271', 46691, '2021'),
('', 'Expense', 'Equipment', '146', 25958, '2022'),
('', 'Expense', 'Equipment', '828', 47112, '2022'),
('', 'Expense', 'Equipment', '937', 93659, '2022'),
('', 'Expense', 'Equipment', '827', 17049, '2022'),
('', 'Expense', 'Equipment', '158', 17981, '2022'),
('', 'Expense', 'Equipment', '347', 25835, '2022'),
('', 'Expense', 'Equipment', '455', 86269, '2022'),
('', 'Expense', 'Equipment', '787', 17728, '2022'),
('', 'Expense', 'Equipment', '308', 84817, '2022'),
('', 'Expense', 'Equipment', '562', 90890, '2022'),
('', 'Expense', 'Equipment', '569', 69427, '2022'),
('', 'Expense', 'Equipment', '350', 66606, '2022'),
('', 'Expense', 'Equipment', '487', 3428, '2022'),
('', 'Expense', 'Equipment', '271', 34895, '2022'),
('', 'Expense', 'Equipment', '146', 17249, '2020'),
('', 'Expense', 'Equipment', '828', 58986, '2020'),
('', 'Expense', 'Equipment', '937', 48767, '2020'),
('', 'Expense', 'Equipment', '827', 14422, '2020'),
('', 'Expense', 'Equipment', '158', 57931, '2020'),
('', 'Expense', 'Equipment', '347', 43552, '2020'),
('', 'Expense', 'Equipment', '455', 89876, '2020'),
('', 'Expense', 'Equipment', '787', 27310, '2020'),
('', 'Expense', 'Equipment', '308', 59600, '2020'),
('', 'Expense', 'Equipment', '562', 65391, '2020'),
('', 'Expense', 'Equipment', '569', 78663, '2020'),
('', 'Expense', 'Equipment', '350', 48418, '2020'),
('', 'Expense', 'Equipment', '487', 4988, '2020'),
('', 'Expense', 'Equipment', '271', 39374, '2020'),
('', 'Expense', 'Equipment', '146', 24789, '2021'),
('', 'Expense', 'Equipment', '828', 9222, '2021'),
('', 'Expense', 'Equipment', '937', 17087, '2021'),
('', 'Expense', 'Equipment', '827', 79513, '2021'),
('', 'Expense', 'Equipment', '158', 17584, '2021'),
('', 'Expense', 'Equipment', '347', 38687, '2021'),
('', 'Expense', 'Equipment', '455', 30675, '2021'),
('', 'Expense', 'Equipment', '787', 66902, '2021'),
('', 'Expense', 'Equipment', '308', 6981, '2021'),
('', 'Expense', 'Equipment', '562', 39555, '2021'),
('', 'Expense', 'Equipment', '569', 53621, '2021'),
('', 'Expense', 'Equipment', '350', 92594, '2021'),
('', 'Expense', 'Equipment', '487', 13934, '2021'),
('', 'Expense', 'Equipment', '271', 52617, '2021'),
('', 'Expense', 'Equipment', '146', 19177, '2022'),
('', 'Expense', 'Equipment', '828', 65147, '2022'),
('', 'Expense', 'Equipment', '937', 32409, '2022'),
('', 'Expense', 'Equipment', '827', 6469, '2022'),
('', 'Expense', 'Equipment', '158', 23186, '2022'),
('', 'Expense', 'Equipment', '347', 58548, '2022'),
('', 'Expense', 'Equipment', '455', 67426, '2022'),
('', 'Expense', 'Equipment', '787', 19895, '2022'),
('', 'Expense', 'Equipment', '308', 87606, '2022'),
('', 'Expense', 'Equipment', '562', 84488, '2022'),
('', 'Expense', 'Equipment', '569', 84942, '2022'),
('', 'Expense', 'Equipment', '350', 14764, '2022'),
('', 'Expense', 'Equipment', '487', 70548, '2022'),
('', 'Expense', 'Equipment', '271', 44382, '2022'),
('', 'Expense', 'Equipment', '146', 49169, '2020'),
('', 'Expense', 'Equipment', '828', 8526, '2020'),
('', 'Expense', 'Equipment', '937', 52669, '2020'),
('', 'Expense', 'Equipment', '827', 59953, '2020'),
('', 'Expense', 'Equipment', '158', 55257, '2020'),
('', 'Expense', 'Equipment', '347', 12166, '2020'),
('', 'Expense', 'Equipment', '455', 4236, '2020'),
('', 'Expense', 'Equipment', '787', 41944, '2020'),
('', 'Expense', 'Equipment', '308', 20458, '2020'),
('', 'Expense', 'Equipment', '562', 10840, '2020'),
('', 'Expense', 'Equipment', '569', 42711, '2020'),
('', 'Expense', 'Equipment', '350', 77053, '2020'),
('', 'Expense', 'Equipment', '487', 55893, '2020'),
('', 'Expense', 'Equipment', '271', 58808, '2020'),
('', 'Expense', 'Equipment', '146', 29065, '2021'),
('', 'Expense', 'Equipment', '828', 31622, '2021'),
('', 'Expense', 'Equipment', '937', 52419, '2021'),
('', 'Expense', 'Equipment', '827', 17945, '2021'),
('', 'Expense', 'Equipment', '158', 54760, '2021'),
('', 'Expense', 'Equipment', '347', 41721, '2021'),
('', 'Expense', 'Equipment', '455', 27335, '2021'),
('', 'Expense', 'Equipment', '787', 50542, '2021'),
('', 'Expense', 'Equipment', '308', 78197, '2021'),
('', 'Expense', 'Equipment', '562', 62528, '2021'),
('', 'Expense', 'Equipment', '569', 60032, '2021'),
('', 'Expense', 'Equipment', '350', 87373, '2021'),
('', 'Expense', 'Equipment', '487', 25368, '2021'),
('', 'Expense', 'Equipment', '271', 99745, '2021'),
('', 'Expense', 'Equipment', '146', 6939, '2022'),
('', 'Expense', 'Equipment', '828', 65186, '2022'),
('', 'Expense', 'Equipment', '937', 96509, '2022'),
('', 'Expense', 'Equipment', '827', 6729, '2022'),
('', 'Expense', 'Equipment', '158', 3114, '2022'),
('', 'Expense', 'Equipment', '347', 29219, '2022'),
('', 'Expense', 'Equipment', '455', 9415, '2022'),
('', 'Expense', 'Equipment', '787', 62394, '2022'),
('', 'Expense', 'Equipment', '308', 50280, '2022'),
('', 'Expense', 'Equipment', '562', 42394, '2022'),
('', 'Expense', 'Equipment', '569', 36280, '2022'),
('', 'Expense', 'Equipment', '350', 13169, '2022'),
('', 'Expense', 'Equipment', '487', 98024, '2022'),
('', 'Expense', 'Equipment', '271', 13039, '2022'),
('', 'Expense', 'Equipment', '158', 36991, '2022'),
('', 'Expense', 'Equipment', '158', 21961, '2022'),
('', 'Expense', 'Equipment', '158', 57243, '2022'),
('', 'Expense', 'Equipment', '158', 31522, '2022'),
('', 'Expense', 'Equipment', '158', 80678, '2022');

-- --------------------------------------------------------

--
-- Table structure for table `team`
--

DROP TABLE IF EXISTS `team`;
CREATE TABLE IF NOT EXISTS `team` (
  `team_ID` char(3) NOT NULL,
  `team_NM` varchar(30) NOT NULL,
  `Established_DT` int(4) NOT NULL,
  PRIMARY KEY (`team_ID`)
) ENGINE=InnoDB DEFAULT CHARSET=utf8;

--
-- Dumping data for table `team`
--

INSERT INTO `team` (`team_ID`, `team_NM`, `Established_DT`) VALUES
('146', 'Baseball', 1892),
('158', 'Football', 1983),
('271', 'Volleyball', 1968),
('308', 'Skiing', 1976),
('347', 'Golf', 1965),
('350', 'Tennis', 1973),
('455', 'Gymnastics', 1969),
('487', 'Track and Field', 1962),
('562', 'Soccer', 1953),
('569', 'Swimming', 1956),
('787', 'Lacrosse', 1952),
('827', 'Cross County', 1965),
('828', 'Basketball(W)', 1974),
('871', 'Hawks', 1983),
('937', 'Basketball(M)', 1908);

-- --------------------------------------------------------

--
-- Table structure for table `users`
--

DROP TABLE IF EXISTS `users`;
CREATE TABLE IF NOT EXISTS `users` (
  `username` varchar(128) NOT NULL,
  `password` varchar(128) NOT NULL,
  `role` varchar(128) NOT NULL,
  UNIQUE KEY `username` (`username`)
) ENGINE=InnoDB DEFAULT CHARSET=utf8;

--
-- Dumping data for table `users`
--

INSERT INTO `users` (`username`, `password`, `role`) VALUES
('bsmith', '$2y$10$PkSlL9jF29KzfRDm4OvVZeHwfZ3WB1sZbdzSBU./e8u5qYcVNlZL2', 'admin'),
('pjones', '$2y$10$Jzi5yMenWza0NjmOyAGU..58qEVzsqaws2RzAxcapULvheUEv8rZW', 'employee');
COMMIT;

/*!40101 SET CHARACTER_SET_CLIENT=@OLD_CHARACTER_SET_CLIENT */;
/*!40101 SET CHARACTER_SET_RESULTS=@OLD_CHARACTER_SET_RESULTS */;
/*!40101 SET COLLATION_CONNECTION=@OLD_COLLATION_CONNECTION */;
